,intercept,slope,var_mz_ppm,var_mz
0,0.25,0.01,1.392902704516215,0.0002002024256856662
