,cutoff_n_close,cutoff_spec_simn,var_mz_ppm,var_mz
0,3,0.14738240573193628,21.504823263105493,0.0031917592433554787
